{"cameraMode":{"drawMode":0,"name":"Shaded","section":"Shading Mode"},"sceneLighting":true,"audioPlay":false,"sceneViewState":{"showFog":true,"showMaterialUpdate":false,"showSkybox":true,"showFlares":true,"showImageEffects":true,"showParticleSystems":true},"in2DMode":false,"pivot":{"x":0.020050048828125,"y":0.2097461223602295,"z":-1.2242157459259034},"rotation":{"x":0.32439276576042178,"y":0.3816750943660736,"z":-0.1451130211353302,"w":0.8532501459121704},"size":5.223011016845703,"orthographic":false}