{"cameraMode":{"drawMode":0,"name":"Shaded","section":"Shading Mode"},"sceneLighting":false,"audioPlay":false,"sceneViewState":{"showFog":true,"showMaterialUpdate":false,"showSkybox":true,"showFlares":true,"showImageEffects":true,"showParticleSystems":true},"in2DMode":false,"pivot":{"x":-2.664863348007202,"y":1.2468628883361817,"z":1.755364179611206},"rotation":{"x":-0.021768806502223016,"y":0.6548045873641968,"z":-0.018867135047912599,"w":-0.7552491426467896},"size":7.5400519371032719,"orthographic":false}