{"cameraMode":{"drawMode":0,"name":"Shaded","section":"Shading Mode"},"sceneLighting":false,"audioPlay":false,"sceneViewState":{"showFog":true,"showMaterialUpdate":false,"showSkybox":true,"showFlares":true,"showImageEffects":true,"showParticleSystems":true},"in2DMode":false,"pivot":{"x":-0.12181878834962845,"y":0.09598055481910706,"z":0.04220809042453766},"rotation":{"x":-0.09754317998886109,"y":0.9018243551254273,"z":-0.27927282452583315,"w":-0.3149681091308594},"size":0.9829234480857849,"orthographic":false}