{"cameraMode":{"drawMode":0,"name":"Shaded","section":"Shading Mode"},"sceneLighting":false,"audioPlay":false,"sceneViewState":{"showFog":true,"showMaterialUpdate":false,"showSkybox":true,"showFlares":true,"showImageEffects":true,"showParticleSystems":true},"in2DMode":false,"pivot":{"x":26.658370971679689,"y":0.13441415131092072,"z":6.675586223602295},"rotation":{"x":-0.2553730905056,"y":0.5393801331520081,"z":-0.17593808472156526,"w":-0.7828789353370667},"size":0.03429567813873291,"orthographic":false}