{"cameraMode":{"drawMode":0,"name":"Shaded","section":"Shading Mode"},"sceneLighting":false,"audioPlay":false,"sceneViewState":{"showFog":true,"showMaterialUpdate":false,"showSkybox":true,"showFlares":true,"showImageEffects":true,"showParticleSystems":true},"in2DMode":false,"pivot":{"x":23.097185134887697,"y":-5.1512017250061039,"z":10.740795135498047},"rotation":{"x":-0.3028731346130371,"y":0.39869681000709536,"z":-0.14139293134212495,"w":-0.854000449180603},"size":-0.7594314813613892,"orthographic":false}