{"cameraMode":{"drawMode":0,"name":"Shaded","section":"Shading Mode"},"sceneLighting":false,"audioPlay":false,"sceneViewState":{"showFog":true,"showMaterialUpdate":false,"showSkybox":true,"showFlares":true,"showImageEffects":true,"showParticleSystems":true},"in2DMode":false,"pivot":{"x":2.360297203063965,"y":26.48055076599121,"z":1.3604233264923096},"rotation":{"x":0.5419580340385437,"y":0.034536417573690417,"z":-0.022304397076368333,"w":0.8393993973731995},"size":12.991843223571778,"orthographic":false}