{"cameraMode":{"drawMode":0,"name":"Shaded","section":"Shading Mode"},"sceneLighting":false,"audioPlay":false,"sceneViewState":{"showFog":true,"showMaterialUpdate":false,"showSkybox":true,"showFlares":true,"showImageEffects":true,"showParticleSystems":true},"in2DMode":false,"pivot":{"x":26.260000228881837,"y":0.0002000001259148121,"z":6.488999843597412},"rotation":{"x":-0.15012212097644807,"y":0.7969879508018494,"z":-0.2208368182182312,"w":-0.5417607426643372},"size":0.028577454388141633,"orthographic":false}