{"cameraMode":{"drawMode":0,"name":"Shaded","section":"Shading Mode"},"sceneLighting":false,"audioPlay":false,"sceneViewState":{"showFog":true,"showMaterialUpdate":false,"showSkybox":true,"showFlares":true,"showImageEffects":true,"showParticleSystems":true},"in2DMode":false,"pivot":{"x":-0.011200003325939179,"y":0.0009999999310821295,"z":-0.33609992265701296},"rotation":{"x":-0.15012212097644807,"y":0.7969879508018494,"z":-0.2208368182182312,"w":-0.5417607426643372},"size":0.9167147278785706,"orthographic":false}